instance,class,method,n_customers,service_rate_raw,service_rate_feasible,n_served_raw,n_served_feasible,makespan
C101,C,NNH,100,0.67,0.67,67.0,67.0,1144.3605551275464
C101,C,CWS,100,1.0,0.14,100.0,14.0,2224.964273930397
C101,C,ALNS,100,0.67,0.67,67.0,67.0,1182.4605551275465
C101,C,AM,100,0.64,0.64,64.0,64.0,1144.3605551275464
C101,C,POMO,100,0.63,0.63,63.0,63.0,1144.3605551275464
C101,C,TD-Split,100,0.67,0.67,67.0,67.0,1144.3605551275464
C101,C,GAT-MARL,100,1.0,1.0,100.0,100.0,1144.3606
C102,C,NNH,100,0.83,0.83,83.0,83.0,1187.4644577509937
C102,C,CWS,100,1.0,0.25,100.0,25.0,2224.964273930397
C102,C,ALNS,100,0.83,0.83,83.0,83.0,1181.4005551275463
C102,C,AM,100,0.8,0.8,80.0,80.0,1187.4644577509937
C102,C,POMO,100,0.78,0.78,78.0,78.0,1187.4644577509937
C102,C,TD-Split,100,0.83,0.83,83.0,83.0,1187.4644577509937
C102,C,GAT-MARL,100,1.0,1.0,100.0,100.0,1006.3162
C103,C,NNH,100,0.93,0.93,93.0,93.0,1187.3140856170714
C103,C,CWS,100,1.0,0.39,100.0,39.0,2088.431855279964
C103,C,ALNS,100,0.93,0.93,93.0,93.0,1186.2339387202533
C103,C,AM,100,0.92,0.92,92.0,92.0,1187.3140856170714
C103,C,POMO,100,0.92,0.92,92.0,92.0,1187.3140856170714
C103,C,TD-Split,100,0.93,0.93,93.0,93.0,1187.3140856170714
C103,C,GAT-MARL,100,1.0,1.0,100.0,100.0,994.1383
C104,C,NNH,100,0.97,0.97,97.0,97.0,1186.8472135955
C104,C,CWS,100,1.0,0.73,100.0,73.0,1554.2480422191911
C104,C,ALNS,100,0.97,0.97,97.0,97.0,1179.9381108091684
C104,C,AM,100,0.97,0.97,97.0,97.0,1186.8472135955
C104,C,POMO,100,0.97,0.97,97.0,97.0,1186.8472135955
C104,C,TD-Split,100,0.97,0.97,97.0,97.0,1186.8472135955
C104,C,GAT-MARL,100,1.0,1.0,100.0,100.0,1184.9732
C105,C,NNH,100,0.71,0.71,71.0,71.0,1072.3605551275464
C105,C,CWS,100,1.0,0.15,100.0,15.0,2152.964273930397
C105,C,ALNS,100,0.71,0.71,71.0,71.0,1158.4240466684278
C105,C,AM,100,0.7,0.7,70.0,70.0,1072.3605551275464
C105,C,POMO,100,0.68,0.68,68.0,68.0,1072.3605551275464
C105,C,TD-Split,100,0.72,0.72,72.0,72.0,1072.3605551275464
C105,C,GAT-MARL,100,1.0,1.0,100.0,100.0,1072.3606
C106,C,NNH,100,0.72,0.72,72.0,72.0,1098.7265323096185
C106,C,CWS,100,1.0,0.18,100.0,18.0,2056.431855279964
C106,C,ALNS,100,0.72,0.72,72.0,72.0,1148.7650905827943
C106,C,AM,100,0.72,0.72,72.0,72.0,1098.7265323096185
C106,C,POMO,100,0.7,0.7,70.0,70.0,1098.7265323096185
C106,C,TD-Split,100,0.71,0.71,71.0,71.0,1098.7265323096185
C106,C,GAT-MARL,100,1.0,1.0,100.0,100.0,1007.3842
C107,C,NNH,100,0.78,0.78,78.0,78.0,1037.3605551275464
C107,C,CWS,100,1.0,0.15,100.0,15.0,2117.9642739303968
C107,C,ALNS,100,0.78,0.78,78.0,78.0,1203.13210917278
C107,C,AM,100,0.78,0.78,78.0,78.0,1037.3605551275464
C107,C,POMO,100,0.71,0.71,71.0,71.0,1037.3605551275464
C107,C,TD-Split,100,0.79,0.79,79.0,79.0,1037.3605551275464
C107,C,GAT-MARL,100,1.0,1.0,100.0,100.0,1034.3842
C108,C,NNH,100,0.86,0.86,86.0,86.0,1027.7634413615167
C108,C,CWS,100,1.0,0.23,100.0,23.0,2015.431855279964
C108,C,ALNS,100,0.86,0.86,86.0,86.0,1204.9018419293675
C108,C,AM,100,0.85,0.85,85.0,85.0,1027.7634413615167
C108,C,POMO,100,0.79,0.79,79.0,79.0,1027.7634413615167
C108,C,TD-Split,100,0.85,0.85,85.0,85.0,1027.7634413615167
C108,C,GAT-MARL,100,1.0,1.0,100.0,100.0,937.3162
C109,C,NNH,100,0.96,0.96,96.0,96.0,1034.935788788929
C109,C,CWS,100,1.0,0.25,100.0,25.0,1937.9642739303968
C109,C,ALNS,100,0.96,0.96,96.0,96.0,1186.9650905827943
C109,C,AM,100,0.96,0.96,96.0,96.0,1042.333722471978
C109,C,POMO,100,0.95,0.95,95.0,95.0,1034.935788788929
C109,C,TD-Split,100,0.98,0.98,98.0,98.0,1034.935788788929
C109,C,GAT-MARL,100,1.0,1.0,100.0,100.0,954.4827
C201,C,NNH,100,0.98,0.98,98.0,98.0,3209.4123105625617
C201,C,CWS,100,1.0,0.06,100.0,6.0,6251.449817795575
C201,C,ALNS,100,0.98,0.98,98.0,98.0,3277.609287718597
C201,C,AM,100,0.98,0.98,98.0,98.0,3209.4123105625617
C201,C,POMO,100,0.98,0.98,98.0,98.0,3209.4123105625617
C201,C,TD-Split,100,0.98,0.98,98.0,98.0,3209.4123105625617
C201,C,GAT-MARL,100,0.81,0.81,81.0,81.0,3209.0
C202,C,NNH,100,1.0,1.0,100.0,100.0,3278.363471710449
C202,C,CWS,100,1.0,0.28,100.0,28.0,6251.449817795575
C202,C,ALNS,100,1.0,1.0,100.0,100.0,3277.609287718597
C202,C,AM,100,1.0,1.0,100.0,100.0,3278.363471710449
C202,C,POMO,100,1.0,1.0,100.0,100.0,3299.5472135955
C202,C,TD-Split,100,1.0,1.0,100.0,100.0,3278.363471710449
C202,C,GAT-MARL,100,0.99,0.99,99.0,99.0,3278.1202
C203,C,NNH,100,1.0,1.0,100.0,100.0,3277.713918980941
C203,C,CWS,100,1.0,0.42,100.0,42.0,6251.449817795575
C203,C,ALNS,100,1.0,1.0,100.0,100.0,3367.649333818881
C203,C,AM,100,1.0,1.0,100.0,100.0,3277.713918980941
C203,C,POMO,100,1.0,1.0,100.0,100.0,3277.713918980941
C203,C,TD-Split,100,1.0,1.0,100.0,100.0,3277.713918980941
C203,C,GAT-MARL,100,1.0,1.0,100.0,100.0,3340.1746
C204,C,NNH,100,1.0,1.0,100.0,100.0,3277.713918980941
C204,C,CWS,100,1.0,0.55,100.0,55.0,6251.449817795575
C204,C,ALNS,100,1.0,1.0,100.0,100.0,3367.649333818881
C204,C,AM,100,1.0,1.0,100.0,100.0,3277.713918980941
C204,C,POMO,100,1.0,1.0,100.0,100.0,3277.713918980941
C204,C,TD-Split,100,1.0,1.0,100.0,100.0,3277.713918980941
C204,C,GAT-MARL,100,1.0,1.0,100.0,100.0,3354.4545
C205,C,NNH,100,1.0,1.0,100.0,100.0,3084.1954228082905
C205,C,CWS,100,1.0,0.08,100.0,8.0,6109.449817795576
C205,C,ALNS,100,1.0,1.0,100.0,100.0,3225.841456587977
C205,C,AM,100,1.0,1.0,100.0,100.0,3084.012643803354
C205,C,POMO,100,0.95,0.95,95.0,95.0,3084.516097123472
C205,C,TD-Split,100,1.0,1.0,100.0,100.0,3084.1954228082905
C205,C,GAT-MARL,100,0.97,0.97,97.0,97.0,3139.197
C206,C,NNH,100,1.0,1.0,100.0,100.0,3066.486621002424
C206,C,CWS,100,1.0,0.11,100.0,11.0,6130.449817795576
C206,C,ALNS,100,1.0,1.0,100.0,100.0,3345.644749537945
C206,C,AM,100,1.0,1.0,100.0,100.0,3066.486621002424
C206,C,POMO,100,0.98,0.98,98.0,98.0,3066.486621002424
C206,C,TD-Split,100,1.0,1.0,100.0,100.0,3066.486621002424
C206,C,GAT-MARL,100,0.99,0.99,99.0,99.0,3156.644
C207,C,NNH,100,1.0,1.0,100.0,100.0,3066.486621002424
C207,C,CWS,100,1.0,0.21,100.0,21.0,6130.449817795576
C207,C,ALNS,100,1.0,1.0,100.0,100.0,3242.685548651033
C207,C,AM,100,1.0,1.0,100.0,100.0,3066.486621002424
C207,C,POMO,100,1.0,1.0,100.0,100.0,3066.486621002424
C207,C,TD-Split,100,1.0,1.0,100.0,100.0,3066.486621002424
C207,C,GAT-MARL,100,0.99,0.99,99.0,99.0,3066.0
C208,C,NNH,100,1.0,1.0,100.0,100.0,2920.2768282009074
C208,C,CWS,100,1.0,0.32,100.0,32.0,5789.449817795574
C208,C,ALNS,100,1.0,1.0,100.0,100.0,3242.60083886516
C208,C,AM,100,1.0,1.0,100.0,100.0,2919.988510108162
C208,C,POMO,100,1.0,1.0,100.0,100.0,2920.763761031688
C208,C,TD-Split,100,1.0,1.0,100.0,100.0,2920.2768282009074
C208,C,GAT-MARL,100,1.0,1.0,100.0,100.0,3011.3701
R101,R,NNH,100,0.7,0.7,70.0,70.0,210.18110770276277
R101,R,CWS,100,1.0,0.2,100.0,20.0,344.688085034551
R101,R,ALNS,100,0.7,0.7,70.0,70.0,210.18110770276277
R101,R,AM,100,0.68,0.68,68.0,68.0,210.18110770276277
R101,R,POMO,100,0.65,0.65,65.0,65.0,210.18110770276277
R101,R,TD-Split,100,0.84,0.84,84.0,84.0,210.18110770276277
R101,R,GAT-MARL,100,0.82,0.82,82.0,82.0,210.0
R102,R,NNH,100,0.86,0.86,86.0,86.0,210.18110770276277
R102,R,CWS,100,1.0,0.34,100.0,34.0,344.688085034551
R102,R,ALNS,100,0.86,0.86,86.0,86.0,215.53171196648225
R102,R,AM,100,0.87,0.87,87.0,87.0,210.18110770276277
R102,R,POMO,100,0.84,0.84,84.0,84.0,210.18110770276277
R102,R,TD-Split,100,0.94,0.94,94.0,94.0,210.18110770276277
R102,R,GAT-MARL,100,0.9,0.9,90.0,90.0,206.6716
R103,R,NNH,100,0.96,0.96,96.0,96.0,210.18110770276277
R103,R,CWS,100,1.0,0.49,100.0,49.0,344.688085034551
R103,R,ALNS,100,0.96,0.96,96.0,96.0,212.4373731019593
R103,R,AM,100,0.96,0.96,96.0,96.0,210.18110770276277
R103,R,POMO,100,0.93,0.93,93.0,93.0,210.18110770276277
R103,R,TD-Split,100,1.0,1.0,100.0,100.0,210.18110770276277
R103,R,GAT-MARL,100,1.0,1.0,100.0,100.0,213.7229
R104,R,NNH,100,1.0,1.0,100.0,100.0,210.18110770276277
R104,R,CWS,100,1.0,0.79,100.0,79.0,263.6582057639946
R104,R,ALNS,100,1.0,1.0,100.0,100.0,215.4817913232166
R104,R,AM,100,1.0,1.0,100.0,100.0,210.18110770276277
R104,R,POMO,100,1.0,1.0,100.0,100.0,210.18110770276277
R104,R,TD-Split,100,1.0,1.0,100.0,100.0,210.18110770276277
R104,R,GAT-MARL,100,1.0,1.0,100.0,100.0,215.6229
R105,R,NNH,100,0.89,0.89,89.0,89.0,200.76718454015185
R105,R,CWS,100,1.0,0.25,100.0,25.0,330.688085034551
R105,R,ALNS,100,0.89,0.89,89.0,89.0,196.082277912005
R105,R,AM,100,0.84,0.84,84.0,84.0,200.76718454015185
R105,R,POMO,100,0.83,0.83,83.0,83.0,200.76718454015185
R105,R,TD-Split,100,0.95,0.95,95.0,95.0,200.76718454015185
R105,R,GAT-MARL,100,0.92,0.92,92.0,92.0,190.0
R106,R,NNH,100,0.99,0.99,99.0,99.0,200.74676547603124
R106,R,CWS,100,1.0,0.44,100.0,44.0,330.688085034551
R106,R,ALNS,100,0.99,0.99,99.0,99.0,207.97195059585653
R106,R,AM,100,0.9,0.9,90.0,90.0,200.74676547603124
R106,R,POMO,100,0.9,0.9,90.0,90.0,200.74676547603124
R106,R,TD-Split,100,1.0,1.0,100.0,100.0,200.74676547603124
R106,R,GAT-MARL,100,1.0,1.0,100.0,100.0,201.7108
R107,R,NNH,100,1.0,1.0,100.0,100.0,200.81638768813696
R107,R,CWS,100,1.0,0.6,100.0,60.0,330.688085034551
R107,R,ALNS,100,1.0,1.0,100.0,100.0,210.48701329856223
R107,R,AM,100,1.0,1.0,100.0,100.0,200.6433241275258
R107,R,POMO,100,0.98,0.98,98.0,98.0,200.6433241275258
R107,R,TD-Split,100,1.0,1.0,100.0,100.0,200.7551009357609
R107,R,GAT-MARL,100,1.0,1.0,100.0,100.0,211.2042
R108,R,NNH,100,1.0,1.0,100.0,100.0,200.7551009357609
R108,R,CWS,100,1.0,0.85,100.0,85.0,247.6582057639946
R108,R,ALNS,100,1.0,1.0,100.0,100.0,215.660813865894
R108,R,AM,100,1.0,1.0,100.0,100.0,200.6433241275258
R108,R,POMO,100,1.0,1.0,100.0,100.0,200.6433241275258
R108,R,TD-Split,100,1.0,1.0,100.0,100.0,200.7551009357609
R108,R,GAT-MARL,100,1.0,1.0,100.0,100.0,198.3732
R109,R,NNH,100,1.0,1.0,100.0,100.0,178.05605947435697
R109,R,CWS,100,1.0,0.35,100.0,35.0,285.688085034551
R109,R,ALNS,100,1.0,1.0,100.0,100.0,192.8439111567112
R109,R,AM,100,1.0,1.0,100.0,100.0,178.05605947435697
R109,R,POMO,100,1.0,1.0,100.0,100.0,178.05605947435697
R109,R,TD-Split,100,1.0,1.0,100.0,100.0,178.05605947435697
R109,R,GAT-MARL,100,1.0,1.0,100.0,100.0,171.1434
R110,R,NNH,100,1.0,1.0,100.0,100.0,171.7010600716876
R110,R,CWS,100,1.0,0.48,100.0,48.0,258.3821724317313
R110,R,ALNS,100,1.0,1.0,100.0,100.0,196.8278571550977
R110,R,AM,100,1.0,1.0,100.0,100.0,171.4911766474437
R110,R,POMO,100,1.0,1.0,100.0,100.0,171.4911766474437
R110,R,TD-Split,100,1.0,1.0,100.0,100.0,170.77864503306856
R110,R,GAT-MARL,100,1.0,1.0,100.0,100.0,174.2043
R111,R,NNH,100,1.0,1.0,100.0,100.0,199.93866800234264
R111,R,CWS,100,1.0,0.6,100.0,60.0,285.688085034551
R111,R,ALNS,100,1.0,1.0,100.0,100.0,189.50264194344848
R111,R,AM,100,1.0,1.0,100.0,100.0,199.93866800234264
R111,R,POMO,100,1.0,1.0,100.0,100.0,198.74676547603124
R111,R,TD-Split,100,1.0,1.0,100.0,100.0,198.74676547603124
R111,R,GAT-MARL,100,1.0,1.0,100.0,100.0,200.7122
R112,R,NNH,100,1.0,1.0,100.0,100.0,134.24981348843613
R112,R,CWS,100,1.0,0.8,100.0,80.0,218.37155056160827
R112,R,ALNS,100,1.0,1.0,100.0,100.0,184.76885162178615
R112,R,AM,100,1.0,1.0,100.0,100.0,133.909532048779
R112,R,POMO,100,1.0,1.0,100.0,100.0,134.24981348843613
R112,R,TD-Split,100,1.0,1.0,100.0,100.0,123.25756540100151
R112,R,GAT-MARL,100,1.0,1.0,100.0,100.0,179.7603
R201,R,NNH,100,0.93,0.93,93.0,93.0,880.4871314626369
R201,R,CWS,100,1.0,0.13,100.0,13.0,1430.25569429266
R201,R,ALNS,100,0.93,0.93,93.0,93.0,859.5281183907218
R201,R,AM,100,0.93,0.93,93.0,93.0,880.9764339119812
R201,R,POMO,100,0.93,0.93,93.0,93.0,869.8747869232787
R201,R,TD-Split,100,0.97,0.97,97.0,97.0,869.7671845401518
R201,R,GAT-MARL,100,1.0,1.0,100.0,100.0,859.1811
R202,R,NNH,100,1.0,1.0,100.0,100.0,879.9607224306671
R202,R,CWS,100,1.0,0.29,100.0,29.0,1430.25569429266
R202,R,ALNS,100,1.0,1.0,100.0,100.0,879.7095081603098
R202,R,AM,100,0.92,0.92,92.0,92.0,879.9607224306671
R202,R,POMO,100,0.92,0.92,92.0,92.0,879.9607224306671
R202,R,TD-Split,100,1.0,1.0,100.0,100.0,879.9607224306671
R202,R,GAT-MARL,100,1.0,1.0,100.0,100.0,912.7732
R203,R,NNH,100,1.0,1.0,100.0,100.0,891.2483054722718
R203,R,CWS,100,1.0,0.38,100.0,38.0,1430.25569429266
R203,R,ALNS,100,1.0,1.0,100.0,100.0,878.1708617749176
R203,R,AM,100,1.0,1.0,100.0,100.0,890.4350084733576
R203,R,POMO,100,1.0,1.0,100.0,100.0,891.3315032401715
R203,R,TD-Split,100,1.0,1.0,100.0,100.0,880.2675824985181
R203,R,GAT-MARL,100,1.0,1.0,100.0,100.0,880.8498
R204,R,NNH,100,1.0,1.0,100.0,100.0,890.3158323979594
R204,R,CWS,100,1.0,0.45,100.0,45.0,1387.107595925714
R204,R,ALNS,100,1.0,1.0,100.0,100.0,989.93511343923
R204,R,AM,100,1.0,1.0,100.0,100.0,890.0443408491419
R204,R,POMO,100,1.0,1.0,100.0,100.0,890.8506159056298
R204,R,TD-Split,100,1.0,1.0,100.0,100.0,879.9611063469305
R204,R,GAT-MARL,100,1.0,1.0,100.0,100.0,869.5209
R205,R,NNH,100,1.0,1.0,100.0,100.0,771.056059474357
R205,R,CWS,100,1.0,0.2,100.0,20.0,1348.25569429266
R205,R,ALNS,100,1.0,1.0,100.0,100.0,810.5439127821154
R205,R,AM,100,1.0,1.0,100.0,100.0,771.3317478962725
R205,R,POMO,100,1.0,1.0,100.0,100.0,771.056059474357
R205,R,TD-Split,100,1.0,1.0,100.0,100.0,771.056059474357
R205,R,GAT-MARL,100,1.0,1.0,100.0,100.0,761.3716
R206,R,NNH,100,1.0,1.0,100.0,100.0,782.2110497848557
R206,R,CWS,100,1.0,0.36,100.0,36.0,1348.25569429266
R206,R,ALNS,100,1.0,1.0,100.0,100.0,921.284317622259
R206,R,AM,100,1.0,1.0,100.0,100.0,781.4429962593528
R206,R,POMO,100,1.0,1.0,100.0,100.0,782.2110497848557
R206,R,TD-Split,100,1.0,1.0,100.0,100.0,770.9762068131463
R206,R,GAT-MARL,100,1.0,1.0,100.0,100.0,782.6607
R207,R,NNH,100,1.0,1.0,100.0,100.0,782.122784090785
R207,R,CWS,100,1.0,0.47,100.0,47.0,1348.25569429266
R207,R,ALNS,100,1.0,1.0,100.0,100.0,877.1899476461836
R207,R,AM,100,1.0,1.0,100.0,100.0,781.1133699616217
R207,R,POMO,100,1.0,1.0,100.0,100.0,781.1133699616217
R207,R,TD-Split,100,1.0,1.0,100.0,100.0,771.2675824985181
R207,R,GAT-MARL,100,1.0,1.0,100.0,100.0,865.6725
R208,R,NNH,100,1.0,1.0,100.0,100.0,781.3158323979594
R208,R,CWS,100,1.0,0.56,100.0,56.0,1314.1075959257143
R208,R,ALNS,100,1.0,1.0,100.0,100.0,871.7853329408188
R208,R,AM,100,1.0,1.0,100.0,100.0,781.1650959602877
R208,R,POMO,100,1.0,1.0,100.0,100.0,781.3158323979594
R208,R,TD-Split,100,1.0,1.0,100.0,100.0,770.9611063469305
R208,R,GAT-MARL,100,1.0,1.0,100.0,100.0,891.3055
R209,R,NNH,100,1.0,1.0,100.0,100.0,715.3232521736005
R209,R,CWS,100,1.0,0.26,100.0,26.0,1254.0443503725112
R209,R,ALNS,100,1.0,1.0,100.0,100.0,724.7298894810544
R209,R,AM,100,1.0,1.0,100.0,100.0,715.6434849086197
R209,R,POMO,100,1.0,1.0,100.0,100.0,715.3232521736005
R209,R,TD-Split,100,1.0,1.0,100.0,100.0,704.5560575509783
R209,R,GAT-MARL,100,1.0,1.0,100.0,100.0,759.7033
R210,R,NNH,100,1.0,1.0,100.0,100.0,896.4951897470158
R210,R,CWS,100,1.0,0.28,100.0,28.0,1410.107595925714
R210,R,ALNS,100,1.0,1.0,100.0,100.0,887.3482920249788
R210,R,AM,100,1.0,1.0,100.0,100.0,885.336923546488
R210,R,POMO,100,1.0,1.0,100.0,100.0,896.4951897470158
R210,R,TD-Split,100,1.0,1.0,100.0,100.0,885.8437323981758
R210,R,GAT-MARL,100,1.0,1.0,100.0,100.0,864.1811
R211,R,NNH,100,1.0,1.0,100.0,100.0,520.2351242233865
R211,R,CWS,100,1.0,0.49,100.0,49.0,1111.4236612054135
R211,R,ALNS,100,1.0,1.0,100.0,100.0,754.9261129764803
R211,R,AM,100,1.0,1.0,100.0,100.0,520.3309131639064
R211,R,POMO,100,1.0,1.0,100.0,100.0,520.2351242233865
R211,R,TD-Split,100,1.0,1.0,100.0,100.0,509.8803981723576
R211,R,GAT-MARL,100,1.0,1.0,100.0,100.0,584.9287
RC101,RC,NNH,100,0.83,0.83,83.0,83.0,212.7192218371409
RC101,RC,CWS,100,1.0,0.29,100.0,29.0,265.17167273272173
RC101,RC,ALNS,100,0.83,0.83,83.0,83.0,205.6919200779227
RC101,RC,AM,100,0.83,0.83,83.0,83.0,212.7192218371409
RC101,RC,POMO,100,0.83,0.83,83.0,83.0,212.7192218371409
RC101,RC,TD-Split,100,0.83,0.83,83.0,83.0,212.7192218371409
RC101,RC,GAT-MARL,100,0.93,0.93,93.0,93.0,202.0
RC102,RC,NNH,100,0.9,0.9,90.0,90.0,212.7192218371409
RC102,RC,CWS,100,1.0,0.46,100.0,46.0,265.17167273272173
RC102,RC,ALNS,100,0.9,0.9,90.0,90.0,216.1469649007741
RC102,RC,AM,100,0.9,0.9,90.0,90.0,212.7192218371409
RC102,RC,POMO,100,0.9,0.9,90.0,90.0,212.7192218371409
RC102,RC,TD-Split,100,0.9,0.9,90.0,90.0,212.7192218371409
RC102,RC,GAT-MARL,100,1.0,1.0,100.0,100.0,202.1523
RC103,RC,NNH,100,1.0,1.0,100.0,100.0,212.7192218371409
RC103,RC,CWS,100,1.0,0.64,100.0,64.0,265.17167273272173
RC103,RC,ALNS,100,1.0,1.0,100.0,100.0,202.1523154621173
RC103,RC,AM,100,0.99,0.99,99.0,99.0,212.7192218371409
RC103,RC,POMO,100,0.99,0.99,99.0,99.0,212.7192218371409
RC103,RC,TD-Split,100,1.0,1.0,100.0,100.0,212.7192218371409
RC103,RC,GAT-MARL,100,1.0,1.0,100.0,100.0,216.3751
RC104,RC,NNH,100,1.0,1.0,100.0,100.0,201.11173853572652
RC104,RC,CWS,100,1.0,0.85,100.0,85.0,225.92042106391315
RC104,RC,ALNS,100,1.0,1.0,100.0,100.0,208.33665095982823
RC104,RC,AM,100,1.0,1.0,100.0,100.0,201.0648776575865
RC104,RC,POMO,100,1.0,1.0,100.0,100.0,201.0648776575865
RC104,RC,TD-Split,100,1.0,1.0,100.0,100.0,201.11173853572652
RC104,RC,GAT-MARL,100,1.0,1.0,100.0,100.0,195.8837
RC105,RC,NNH,100,0.9,0.9,90.0,90.0,210.7192218371409
RC105,RC,CWS,100,1.0,0.43,100.0,43.0,266.17167273272173
RC105,RC,ALNS,100,0.9,0.9,90.0,90.0,210.38470768123344
RC105,RC,AM,100,0.9,0.9,90.0,90.0,210.7192218371409
RC105,RC,POMO,100,0.88,0.88,88.0,88.0,210.7192218371409
RC105,RC,TD-Split,100,0.9,0.9,90.0,90.0,210.7192218371409
RC105,RC,GAT-MARL,100,1.0,1.0,100.0,100.0,210.3847
RC106,RC,NNH,100,1.0,1.0,100.0,100.0,193.8522232124083
RC106,RC,CWS,100,1.0,0.49,100.0,49.0,250.17167273272173
RC106,RC,ALNS,100,1.0,1.0,100.0,100.0,187.0587693292369
RC106,RC,AM,100,1.0,1.0,100.0,100.0,193.8522232124083
RC106,RC,POMO,100,1.0,1.0,100.0,100.0,193.8522232124083
RC106,RC,TD-Split,100,1.0,1.0,100.0,100.0,193.8522232124083
RC106,RC,GAT-MARL,100,1.0,1.0,100.0,100.0,176.9989
RC107,RC,NNH,100,1.0,1.0,100.0,100.0,192.80339154105295
RC107,RC,CWS,100,1.0,0.66,100.0,66.0,224.17167273272173
RC107,RC,ALNS,100,1.0,1.0,100.0,100.0,198.68870455711783
RC107,RC,AM,100,1.0,1.0,100.0,100.0,192.80339154105295
RC107,RC,POMO,100,1.0,1.0,100.0,100.0,192.80339154105295
RC107,RC,TD-Split,100,1.0,1.0,100.0,100.0,192.80339154105295
RC107,RC,GAT-MARL,100,1.0,1.0,100.0,100.0,179.5437
RC108,RC,NNH,100,1.0,1.0,100.0,100.0,149.9208002725857
RC108,RC,CWS,100,1.0,0.84,100.0,84.0,229.17167273272173
RC108,RC,ALNS,100,1.0,1.0,100.0,100.0,187.97875877436925
RC108,RC,AM,100,1.0,1.0,100.0,100.0,149.98662103467427
RC108,RC,POMO,100,1.0,1.0,100.0,100.0,149.76638204291595
RC108,RC,TD-Split,100,1.0,1.0,100.0,100.0,149.9208002725857
RC108,RC,GAT-MARL,100,1.0,1.0,100.0,100.0,188.0389
RC201,RC,NNH,100,0.9,0.9,90.0,90.0,854.2771038089198
RC201,RC,CWS,100,1.0,0.14,100.0,14.0,1229.743998156111
RC201,RC,ALNS,100,0.9,0.9,90.0,90.0,844.1596669335
RC201,RC,AM,100,0.9,0.9,90.0,90.0,854.2771038089198
RC201,RC,POMO,100,0.89,0.89,89.0,89.0,854.2771038089198
RC201,RC,TD-Split,100,0.9,0.9,90.0,90.0,854.2771038089198
RC201,RC,GAT-MARL,100,0.99,0.99,99.0,99.0,832.0
RC202,RC,NNH,100,0.93,0.93,93.0,93.0,864.2796158105624
RC202,RC,CWS,100,1.0,0.27,100.0,27.0,1229.743998156111
RC202,RC,ALNS,100,0.93,0.93,93.0,93.0,844.5328862205208
RC202,RC,AM,100,0.95,0.95,95.0,95.0,864.2796158105624
RC202,RC,POMO,100,0.92,0.92,92.0,92.0,864.2796158105624
RC202,RC,TD-Split,100,0.93,0.93,93.0,93.0,864.2796158105624
RC202,RC,GAT-MARL,100,1.0,1.0,100.0,100.0,864.3662
RC203,RC,NNH,100,1.0,1.0,100.0,100.0,864.0400856987193
RC203,RC,CWS,100,1.0,0.39,100.0,39.0,1192.88792241167
RC203,RC,ALNS,100,1.0,1.0,100.0,100.0,872.9256156037599
RC203,RC,AM,100,1.0,1.0,100.0,100.0,864.0295696726315
RC203,RC,POMO,100,1.0,1.0,100.0,100.0,864.0400856987193
RC203,RC,TD-Split,100,1.0,1.0,100.0,100.0,863.9513222985948
RC203,RC,GAT-MARL,100,1.0,1.0,100.0,100.0,855.1583
RC204,RC,NNH,100,1.0,1.0,100.0,100.0,852.8466013429452
RC204,RC,CWS,100,1.0,0.71,100.0,71.0,1058.1182949170125
RC204,RC,ALNS,100,1.0,1.0,100.0,100.0,873.4948265406034
RC204,RC,AM,100,1.0,1.0,100.0,100.0,852.8125387482419
RC204,RC,POMO,100,1.0,1.0,100.0,100.0,852.8466013429452
RC204,RC,TD-Split,100,1.0,1.0,100.0,100.0,852.8466013429452
RC204,RC,GAT-MARL,100,1.0,1.0,100.0,100.0,934.0682
RC205,RC,NNH,100,0.9,0.9,90.0,90.0,902.836146027468
RC205,RC,CWS,100,1.0,0.18,100.0,18.0,1173.88792241167
RC205,RC,ALNS,100,0.9,0.9,90.0,90.0,904.1596669335
RC205,RC,AM,100,0.93,0.93,93.0,93.0,902.836146027468
RC205,RC,POMO,100,0.93,0.93,93.0,93.0,902.836146027468
RC205,RC,TD-Split,100,0.9,0.9,90.0,90.0,902.836146027468
RC205,RC,GAT-MARL,100,1.0,1.0,100.0,100.0,890.8569
RC206,RC,NNH,100,1.0,1.0,100.0,100.0,745.8289241080254
RC206,RC,CWS,100,1.0,0.2,100.0,20.0,1169.743998156111
RC206,RC,ALNS,100,1.0,1.0,100.0,100.0,823.3344393036506
RC206,RC,AM,100,1.0,1.0,100.0,100.0,745.8289241080254
RC206,RC,POMO,100,1.0,1.0,100.0,100.0,745.8289241080254
RC206,RC,TD-Split,100,1.0,1.0,100.0,100.0,745.8289241080254
RC206,RC,GAT-MARL,100,1.0,1.0,100.0,100.0,712.1523
RC207,RC,NNH,100,1.0,1.0,100.0,100.0,694.1859046961366
RC207,RC,CWS,100,1.0,0.31,100.0,31.0,1081.743998156111
RC207,RC,ALNS,100,1.0,1.0,100.0,100.0,708.7023068871792
RC207,RC,AM,100,1.0,1.0,100.0,100.0,694.1859046961366
RC207,RC,POMO,100,1.0,1.0,100.0,100.0,694.1859046961366
RC207,RC,TD-Split,100,1.0,1.0,100.0,100.0,694.1859046961366
RC207,RC,GAT-MARL,100,1.0,1.0,100.0,100.0,661.2408
RC208,RC,NNH,100,1.0,1.0,100.0,100.0,490.9208002725857
RC208,RC,CWS,100,1.0,0.6,100.0,60.0,921.0981498980856
RC208,RC,ALNS,100,1.0,1.0,100.0,100.0,604.3960617681182
RC208,RC,AM,100,1.0,1.0,100.0,100.0,490.7604947478801
RC208,RC,POMO,100,1.0,1.0,100.0,100.0,490.9866210346743
RC208,RC,TD-Split,100,1.0,1.0,100.0,100.0,490.9208002725857
RC208,RC,GAT-MARL,100,1.0,1.0,100.0,100.0,525.2035
