instance,class,n_customers,n_vehicles,bks_distance,method,makespan,total_co2_kg,total_distance,service_rate,n_served,workload_balance,battery_used_pct,runtime_s,gap_to_bks_pct
C101,C1,100,25,828.9,NNH,1144.3606,175.7308,2056.6933,0.67,67.0,139.7541,0.0,0.004,38.0577
C101,C1,100,25,828.9,CWS,2224.9643,81.8462,833.5086,1.0,100.0,293.4064,0.0,0.005,168.4237
C101,C1,100,25,828.9,ALNS,1182.4606,71.4728,789.7082,0.67,67.0,461.9678,0.0,2.0007,42.6542
C101,C1,100,25,828.9,AM,1144.3606,170.2226,1998.5359,0.64,64.0,140.197,0.0,0.0092,38.0577
C101,C1,100,25,828.9,POMO,1144.3606,161.9403,1910.7608,0.63,63.0,136.1476,0.0,0.0692,38.0577
C101,C1,100,25,828.9,TD-Split,1144.3606,170.7535,2150.6783,0.67,67.0,262.7327,44.4351,0.0049,38.0577
C101,C1,100,25,828.9,GAT-MARL,1144.3606,181.0782,4384.2835,1.0,100.0,410.4614,113.9991,1117.6503,38.0577
C102,C1,100,25,828.9,NNH,1187.4645,222.6681,2598.1055,0.83,83.0,195.4058,0.0,0.005,43.2579
C102,C1,100,25,828.9,CWS,2224.9643,81.8462,833.5086,1.0,100.0,332.617,0.0,0.005,168.4237
C102,C1,100,25,828.9,ALNS,1181.4006,79.593,842.7244,0.83,83.0,474.459,0.0,2.8526,42.5263
C102,C1,100,25,828.9,AM,1187.4645,212.295,2480.8123,0.8,80.0,199.8527,0.0,0.0112,43.2579
C102,C1,100,25,828.9,POMO,1187.4645,210.2016,2458.7786,0.78,78.0,186.3114,0.0,0.07,43.2579
C102,C1,100,25,828.9,TD-Split,1187.4645,211.3006,2611.5087,0.83,83.0,278.9996,44.4351,0.004,43.2579
C102,C1,100,25,828.9,GAT-MARL,1006.3162,244.193,4740.8513,1.0,100.0,372.499,97.5702,611.6027,21.4038
C103,C1,100,25,828.1,NNH,1187.3141,255.5385,2962.1537,0.93,93.0,226.9481,0.0,0.007,43.3781
C103,C1,100,25,828.1,CWS,2088.4319,81.8462,833.5086,1.0,100.0,338.654,0.0,0.0052,152.1956
C103,C1,100,25,828.1,ALNS,1185.9055,84.8384,878.8665,0.93,93.0,487.9019,0.0,3.13,43.208
C103,C1,100,25,828.1,AM,1187.3141,256.2483,2972.016,0.92,92.0,232.8045,0.0,0.0085,43.3781
C103,C1,100,25,828.1,POMO,1187.3141,255.1674,2961.1942,0.92,92.0,216.1335,0.0,0.0703,43.3781
C103,C1,100,25,828.1,TD-Split,1187.3141,255.3481,3104.5681,0.93,93.0,291.7219,44.4351,0.0024,43.3781
C103,C1,100,25,828.1,GAT-MARL,994.1383,282.7177,4638.1954,1.0,100.0,348.3666,71.221,778.0814,20.0505
C104,C1,100,25,822.9,NNH,1186.8472,269.5179,3116.8494,0.97,97.0,245.0152,0.0,0.0053,44.2274
C104,C1,100,25,822.9,CWS,1554.248,81.8462,833.5086,1.0,100.0,211.8455,0.0,0.005,88.8745
C104,C1,100,25,822.9,ALNS,1177.5683,84.9495,876.0527,0.97,97.0,495.5444,0.0,4.4662,43.0998
C104,C1,100,25,822.9,AM,1186.8472,265.9357,3074.7963,0.97,97.0,240.5803,0.0,0.012,44.2274
C104,C1,100,25,822.9,POMO,1186.8472,260.5221,3015.1593,0.97,97.0,240.6619,0.0,0.0887,44.2274
C104,C1,100,25,822.9,TD-Split,1186.8472,285.0725,3445.3452,0.97,97.0,280.835,44.4351,0.0034,44.2274
C104,C1,100,25,822.9,GAT-MARL,1184.9732,258.6104,4589.955,1.0,100.0,332.9155,84.9804,615.2559,43.9997
C105,C1,100,25,828.9,NNH,1072.3606,192.4057,2252.1877,0.71,71.0,148.4924,0.0,0.0055,29.3715
C105,C1,100,25,828.9,CWS,2152.9643,81.8462,833.5086,1.0,100.0,289.5987,0.0,0.007,159.7375
C105,C1,100,25,828.9,ALNS,1160.2415,70.6916,755.3502,0.71,71.0,480.1891,0.0,3.5024,39.9736
C105,C1,100,25,828.9,AM,1072.3606,191.5175,2242.8826,0.7,70.0,143.7349,0.0,0.008,29.3715
C105,C1,100,25,828.9,POMO,1072.3606,183.5426,2153.3841,0.68,68.0,137.3242,0.0,0.1065,29.3715
C105,C1,100,25,828.9,TD-Split,1072.3606,189.9108,2369.5941,0.72,72.0,258.1868,44.4351,0.007,29.3715
C105,C1,100,25,828.9,GAT-MARL,1072.3606,192.4658,4241.6457,1.0,100.0,407.8151,100.0253,1243.4049,29.3715
C106,C1,100,25,828.9,NNH,1098.7265,206.9602,2419.8136,0.72,72.0,140.2784,0.0,0.0031,32.5524
C106,C1,100,25,828.9,CWS,2056.4319,81.8462,833.5086,1.0,100.0,290.3842,0.0,0.005,148.0917
C106,C1,100,25,828.9,ALNS,1214.3402,76.8665,826.8298,0.72,72.0,472.5634,0.0,2.1029,46.5002
C106,C1,100,25,828.9,AM,1098.7265,205.5153,2403.894,0.72,72.0,147.4192,0.0,0.0091,32.5524
C106,C1,100,25,828.9,POMO,1098.7265,202.9352,2374.5731,0.7,70.0,149.5611,0.0,0.0614,32.5524
C106,C1,100,25,828.9,TD-Split,1098.7265,197.9803,2468.323,0.71,71.0,258.5389,44.4351,0.004,32.5524
C106,C1,100,25,828.9,GAT-MARL,1007.3842,210.2758,4676.1941,1.0,100.0,391.9614,111.9145,847.7827,21.5327
C107,C1,100,25,828.9,NNH,1037.3606,213.5399,2482.119,0.78,78.0,149.2113,0.0,0.0065,25.1491
C107,C1,100,25,828.9,CWS,2117.9643,81.8462,833.5086,1.0,100.0,281.7153,0.0,0.0074,155.5151
C107,C1,100,25,828.9,ALNS,1201.6168,73.149,759.8126,0.78,78.0,475.6893,0.0,2.6657,44.9652
C107,C1,100,25,828.9,AM,1037.3606,212.9789,2468.8932,0.78,78.0,134.5744,0.0,0.0082,25.1491
C107,C1,100,25,828.9,POMO,1037.3606,209.1139,2444.6852,0.71,71.0,146.9736,0.0,0.0697,25.1491
C107,C1,100,25,828.9,TD-Split,1037.3606,215.8397,2657.103,0.79,79.0,255.2566,44.4351,0.003,25.1491
C107,C1,100,25,828.9,GAT-MARL,1034.3842,216.7016,4555.436,1.0,100.0,383.5192,103.6149,900.3042,24.79
C108,C1,100,25,828.9,NNH,1027.7634,237.0371,2746.4974,0.86,86.0,159.1616,0.0,0.008,23.9912
C108,C1,100,25,828.9,CWS,2015.4319,81.8462,833.5086,1.0,100.0,280.5325,0.0,0.009,143.1454
C108,C1,100,25,828.9,ALNS,1186.9651,78.6164,822.3064,0.86,86.0,461.7795,0.0,4.5031,43.1976
C108,C1,100,25,828.9,AM,1027.7634,222.2291,2573.9845,0.85,85.0,145.2222,0.0,0.013,23.9912
C108,C1,100,25,828.9,POMO,1027.7634,218.2879,2533.7142,0.79,79.0,139.3029,0.0,0.1255,23.9912
C108,C1,100,25,828.9,TD-Split,1027.7634,226.8385,2779.2166,0.85,85.0,261.639,44.4351,0.005,23.9912
C108,C1,100,25,828.9,GAT-MARL,937.3162,192.2613,4011.1749,1.0,100.0,363.1638,92.5925,1081.4002,13.0795
C109,C1,100,25,828.9,NNH,1034.9358,262.5601,3025.0854,0.96,96.0,179.5285,0.0,0.004,24.8565
C109,C1,100,25,828.9,CWS,1937.9643,81.8462,833.5086,1.0,100.0,261.6561,0.0,0.0073,133.7995
C109,C1,100,25,828.9,ALNS,1197.9202,99.1562,1024.2997,0.96,96.0,465.6551,0.0,4.5242,44.5193
C109,C1,100,25,828.9,AM,1042.3337,265.1281,3056.1494,0.96,96.0,179.7749,0.0,0.008,25.749
C109,C1,100,25,828.9,POMO,1034.9358,251.6949,2903.6432,0.95,95.0,170.3927,0.0,0.0882,24.8565
C109,C1,100,25,828.9,TD-Split,1034.9358,265.3902,3199.8368,0.98,98.0,263.7049,44.4351,0.0039,24.8565
C109,C1,100,25,828.9,GAT-MARL,954.4827,242.2222,4563.8995,1.0,100.0,352.6008,89.7144,770.4818,15.1505
C201,C2,100,25,591.6,NNH,3209.4123,241.5714,2894.5374,0.98,98.0,570.5146,0.0,0.0087,442.497
C201,C2,100,25,591.6,CWS,6251.4498,60.7014,619.8617,1.0,100.0,1226.5213,0.0,0.0219,956.7021
C201,C2,100,25,591.6,ALNS,3277.6093,55.5315,582.7306,0.98,98.0,1008.1718,0.0,34.0091,454.0246
C201,C2,100,25,591.6,AM,3209.4123,249.949,2995.1368,0.98,98.0,523.7043,0.0,0.0287,442.497
C201,C2,100,25,591.6,POMO,3209.4123,232.0707,2777.1388,0.98,98.0,572.4854,0.0,0.1587,442.497
C201,C2,100,25,591.6,TD-Split,3209.4123,247.8999,3117.5158,0.98,98.0,814.0379,44.6471,0.007,442.497
C201,C2,100,25,591.6,GAT-MARL,3209.0,268.6178,3210.559,0.81,81.0,1289.4142,0.0,6775.5877,442.4273
C202,C2,100,25,591.6,NNH,3278.3635,260.4152,3122.6359,1.0,100.0,616.852,0.0,0.005,454.152
C202,C2,100,25,591.6,CWS,6251.4498,60.7014,619.8617,1.0,100.0,1284.5921,0.0,0.006,956.7021
C202,C2,100,25,591.6,ALNS,3277.6093,56.5213,591.5566,1.0,100.0,1006.7409,0.0,26.8679,454.0246
C202,C2,100,25,591.6,AM,3278.3635,260.0965,3118.8133,1.0,100.0,623.2848,0.0,0.012,454.152
C202,C2,100,25,591.6,POMO,3299.5472,239.6683,2871.9467,1.0,100.0,593.605,0.0,0.0959,457.7328
C202,C2,100,25,591.6,TD-Split,3278.3635,253.9741,3193.7148,1.0,100.0,878.5393,44.6471,0.004,454.152
C202,C2,100,25,591.6,GAT-MARL,3278.1202,314.3951,3748.2797,0.99,99.0,1212.9795,0.0,3753.605,454.1109
C203,C2,100,25,591.2,NNH,3277.7139,258.5362,3100.4941,1.0,100.0,761.2257,0.0,0.004,454.4171
C203,C2,100,25,591.2,CWS,6251.4498,60.7014,619.8617,1.0,100.0,1284.5921,0.0,0.006,957.4171
C203,C2,100,25,591.2,ALNS,3367.6493,56.7791,588.6351,1.0,100.0,1026.4243,0.0,29.9085,469.6295
C203,C2,100,25,591.2,AM,3277.7139,258.5362,3100.4941,1.0,100.0,761.2257,0.0,0.012,454.4171
C203,C2,100,25,591.2,POMO,3277.7139,241.991,2901.7967,1.0,100.0,750.8174,0.0,0.1046,454.4171
C203,C2,100,25,591.2,TD-Split,3277.7139,256.8413,3227.187,1.0,100.0,961.911,44.6471,0.003,454.4171
C203,C2,100,25,591.2,GAT-MARL,3340.1746,375.8913,4452.4964,1.0,100.0,1137.3041,0.0,4408.2753,464.9822
C204,C2,100,25,590.6,NNH,3277.7139,247.774,2972.3127,1.0,100.0,1043.913,0.0,0.0094,454.9803
C204,C2,100,25,590.6,CWS,6251.4498,60.7014,619.8617,1.0,100.0,1332.8941,0.0,0.0115,958.4913
C204,C2,100,25,590.6,ALNS,3367.6493,56.9658,590.3002,1.0,100.0,1004.3285,0.0,68.3989,470.2081
C204,C2,100,25,590.6,AM,3277.7139,253.2819,3038.3837,1.0,100.0,1008.1384,0.0,0.0254,454.9803
C204,C2,100,25,590.6,POMO,3277.7139,247.9064,2973.866,1.0,100.0,1043.8988,0.0,0.1899,454.9803
C204,C2,100,25,590.6,TD-Split,3277.7139,250.2034,3147.4111,1.0,100.0,1119.8628,44.6471,0.008,454.9803
C204,C2,100,25,590.6,GAT-MARL,3354.4545,390.8235,4601.9451,1.0,100.0,1111.0032,0.0,785.2294,467.974
C205,C2,100,25,588.9,NNH,3084.1954,243.695,2919.4968,1.0,100.0,632.826,0.0,0.0052,423.7214
C205,C2,100,25,588.9,CWS,6109.4498,60.7014,619.8617,1.0,100.0,1209.0114,0.0,0.0065,937.4342
C205,C2,100,25,588.9,ALNS,3225.8415,56.4105,590.6587,1.0,100.0,993.9191,0.0,48.897,447.7741
C205,C2,100,25,588.9,AM,3084.0126,243.7935,2920.7029,1.0,100.0,632.6171,0.0,0.011,423.6904
C205,C2,100,25,588.9,POMO,3084.5161,240.2031,2877.7031,0.95,95.0,596.0482,0.0,0.1582,423.7759
C205,C2,100,25,588.9,TD-Split,3084.1954,242.5149,3053.3336,1.0,100.0,846.8343,44.6471,0.003,423.7214
C205,C2,100,25,588.9,GAT-MARL,3139.197,307.5827,3663.6882,0.97,97.0,1246.7289,0.0,10344.0434,433.0611
C206,C2,100,25,588.5,NNH,3066.4866,257.5806,3086.3624,1.0,100.0,721.9168,0.0,0.0111,421.0682
C206,C2,100,25,588.5,CWS,6130.4498,60.7014,619.8617,1.0,100.0,1201.8247,0.0,0.0106,941.7077
C206,C2,100,25,588.5,ALNS,3162.5456,56.2394,588.4928,1.0,100.0,980.1019,0.0,33.2481,437.3909
C206,C2,100,25,588.5,AM,3066.4866,257.9699,3091.0504,1.0,100.0,716.6538,0.0,0.011,421.0682
C206,C2,100,25,588.5,POMO,3066.4866,253.0394,3030.9653,0.98,98.0,652.8346,0.0,0.1256,421.0682
C206,C2,100,25,588.5,TD-Split,3066.4866,250.8867,3152.8974,1.0,100.0,886.9675,44.6471,0.0049,421.0682
C206,C2,100,25,588.5,GAT-MARL,3156.644,323.0138,3844.8287,0.99,99.0,1189.859,0.0,11218.625,436.3881
C207,C2,100,25,588.3,NNH,3066.4866,256.8644,3081.6645,1.0,100.0,696.6383,0.0,0.005,421.2454
C207,C2,100,25,588.3,CWS,6130.4498,60.7014,619.8617,1.0,100.0,1141.9246,0.0,0.0103,942.0618
C207,C2,100,25,588.3,ALNS,3242.6855,56.2189,588.2863,1.0,100.0,1008.0594,0.0,38.2545,451.1959
C207,C2,100,25,588.3,AM,3066.4866,251.1649,3012.0961,1.0,100.0,731.8603,0.0,0.014,421.2454
C207,C2,100,25,588.3,POMO,3066.4866,245.514,2942.8787,1.0,100.0,680.3041,0.0,0.1035,421.2454
C207,C2,100,25,588.3,TD-Split,3066.4866,254.2881,3196.0839,1.0,100.0,847.9459,44.6471,0.004,421.2454
C207,C2,100,25,588.3,GAT-MARL,3066.0,326.8835,3886.8921,0.99,99.0,1163.1089,0.0,14096.4885,421.1627
C208,C2,100,25,585.9,NNH,2920.2768,261.8074,3139.9772,1.0,100.0,738.9094,0.0,0.006,398.4258
C208,C2,100,25,585.9,CWS,5789.4498,60.7014,619.8617,1.0,100.0,1146.5461,0.0,0.007,888.1293
C208,C2,100,25,585.9,ALNS,3242.6008,56.2209,588.3238,1.0,100.0,1008.7024,0.0,38.1087,453.4393
C208,C2,100,25,585.9,AM,2919.9885,268.8019,3223.7935,1.0,100.0,724.1861,0.0,0.039,398.3766
C208,C2,100,25,585.9,POMO,2920.7638,272.2163,3264.1784,1.0,100.0,721.6562,0.0,0.0975,398.5089
C208,C2,100,25,585.9,TD-Split,2920.2768,261.1912,3278.9244,1.0,100.0,868.2467,44.6471,0.005,398.4258
C208,C2,100,25,585.9,GAT-MARL,3011.3701,379.9212,4511.2486,1.0,100.0,1147.7279,0.0,14068.2566,413.9734
R101,R1,100,25,1645.8,NNH,210.1811,155.1446,1834.1667,0.7,70.0,30.126,0.0,0.0035,-87.2292
R101,R1,100,25,1645.8,CWS,344.6881,87.4515,886.8278,1.0,100.0,33.2952,0.0,0.005,-79.0565
R101,R1,100,25,1645.8,ALNS,210.1811,92.9723,1023.9477,0.7,70.0,90.4099,0.0,1.86,-87.2292
R101,R1,100,25,1645.8,AM,210.1811,149.7451,1771.5791,0.68,68.0,29.5258,0.0,0.0085,-87.2292
R101,R1,100,25,1645.8,POMO,210.1811,145.2864,1720.7747,0.65,65.0,28.5792,0.0,0.0591,-87.2292
R101,R1,100,25,1645.8,TD-Split,210.1811,139.1815,3032.5054,0.84,84.0,78.7303,40.7477,0.002,-87.2292
R101,R1,100,25,1645.8,GAT-MARL,210.0,213.3559,2486.8302,0.82,82.0,82.2035,0.0,11299.8456,-87.2402
R102,R1,100,25,1486.1,NNH,210.1811,162.7811,1904.6126,0.86,86.0,34.7664,0.0,0.0131,-85.8569
R102,R1,100,25,1486.1,CWS,344.6881,87.4515,886.8278,1.0,100.0,36.6184,0.0,0.0201,-76.8059
R102,R1,100,25,1486.1,ALNS,210.1811,95.6048,1018.2086,0.86,86.0,93.2125,0.0,15.0226,-85.8569
R102,R1,100,25,1486.1,AM,210.1811,171.2526,2004.1273,0.87,87.0,35.1737,0.0,0.0469,-85.8569
R102,R1,100,25,1486.1,POMO,210.1811,164.2975,1926.5812,0.84,84.0,34.9129,0.0,0.4126,-85.8569
R102,R1,100,25,1486.1,TD-Split,210.1811,140.6913,3042.8604,0.94,94.0,79.7546,40.7477,0.011,-85.8569
R102,R1,100,25,1486.1,GAT-MARL,206.6716,242.3745,2820.5721,0.9,90.0,80.5729,0.0,9471.2868,-86.093
R103,R1,100,25,1292.7,NNH,210.1811,181.7537,2121.4946,0.96,96.0,38.8985,0.0,0.004,-83.7409
R103,R1,100,25,1292.7,CWS,344.6881,87.4515,886.8278,1.0,100.0,41.4627,0.0,0.004,-73.3358
R103,R1,100,25,1292.7,ALNS,218.9941,99.168,1022.481,0.96,96.0,92.5148,0.0,3.0188,-83.0592
R103,R1,100,25,1292.7,AM,210.1811,183.8099,2143.0237,0.96,96.0,36.7511,0.0,0.0075,-83.7409
R103,R1,100,25,1292.7,POMO,210.1811,174.7113,2041.3465,0.93,93.0,39.0984,0.0,0.06,-83.7409
R103,R1,100,25,1292.7,TD-Split,210.1811,159.2441,3263.3779,1.0,100.0,76.6615,40.7477,0.002,-83.7409
R103,R1,100,25,1292.7,GAT-MARL,213.7229,327.3071,3700.0795,1.0,100.0,80.999,0.0,3351.2327,-83.4669
R104,R1,100,25,1007.3,NNH,210.1811,192.3213,2244.4124,1.0,100.0,53.1661,0.0,0.0043,-79.1342
R104,R1,100,25,1007.3,CWS,263.6582,87.4515,886.8278,1.0,100.0,36.1081,0.0,0.004,-73.8253
R104,R1,100,25,1007.3,ALNS,215.4885,89.9354,928.4302,1.0,100.0,88.4793,0.0,4.5448,-78.6073
R104,R1,100,25,1007.3,AM,210.1811,195.7749,2282.2811,1.0,100.0,52.8095,0.0,0.0099,-79.1342
R104,R1,100,25,1007.3,POMO,210.1811,186.9199,2182.98,1.0,100.0,57.1918,0.0,0.0758,-79.1342
R104,R1,100,25,1007.3,TD-Split,210.1811,162.6137,3304.3654,1.0,100.0,65.8762,40.7477,0.0019,-79.1342
R104,R1,100,25,1007.3,GAT-MARL,215.6229,331.1085,3717.5101,1.0,100.0,71.2774,0.0,545.8458,-78.594
R105,R1,100,25,1377.1,NNH,200.7672,196.6712,2301.0462,0.89,89.0,31.3449,0.0,0.004,-85.421
R105,R1,100,25,1377.1,CWS,330.6881,87.4515,886.8278,1.0,100.0,32.9105,0.0,0.004,-75.9866
R105,R1,100,25,1377.1,ALNS,197.0125,101.1046,1060.7761,0.89,89.0,82.6287,0.0,3.3215,-85.6937
R105,R1,100,25,1377.1,AM,200.7672,199.6623,2338.958,0.84,84.0,29.3702,0.0,0.009,-85.421
R105,R1,100,25,1377.1,POMO,200.7672,185.9261,2178.6886,0.83,83.0,29.832,0.0,0.0646,-85.421
R105,R1,100,25,1377.1,TD-Split,200.7672,171.5291,3408.3972,0.95,95.0,72.8704,40.7477,0.002,-85.421
R105,R1,100,25,1377.1,GAT-MARL,190.0,249.5567,2873.2747,0.92,92.0,75.3424,0.0,5122.5115,-86.2029
R106,R1,100,25,1252.0,NNH,200.7468,195.5473,2281.2905,0.99,99.0,38.4945,0.0,0.009,-83.9659
R106,R1,100,25,1252.0,CWS,330.6881,87.4515,886.8278,1.0,100.0,35.6547,0.0,0.0089,-73.5872
R106,R1,100,25,1252.0,ALNS,205.5833,118.7873,1213.5705,0.99,99.0,85.0332,0.0,4.1632,-83.5796
R106,R1,100,25,1252.0,AM,200.7468,176.3518,2059.9135,0.9,90.0,34.1639,0.0,0.0111,-83.9659
R106,R1,100,25,1252.0,POMO,200.7468,171.2389,2007.774,0.9,90.0,37.1506,0.0,0.0706,-83.9659
R106,R1,100,25,1252.0,TD-Split,200.7468,170.8937,3400.3686,1.0,100.0,72.8841,40.7477,0.0044,-83.9659
R106,R1,100,25,1252.0,GAT-MARL,201.7108,344.762,3926.7981,1.0,100.0,76.8416,0.0,3460.4249,-83.8889
R107,R1,100,25,1104.7,NNH,200.8164,200.12,2328.8245,1.0,100.0,42.5875,0.0,0.004,-81.8216
R107,R1,100,25,1104.7,CWS,330.6881,87.4515,886.8278,1.0,100.0,41.7083,0.0,0.004,-70.0653
R107,R1,100,25,1104.7,ALNS,215.6907,101.0718,1039.0309,1.0,100.0,83.5213,0.0,3.0784,-80.4752
R107,R1,100,25,1104.7,AM,200.6433,203.3352,2369.9859,1.0,100.0,45.5548,0.0,0.0082,-81.8373
R107,R1,100,25,1104.7,POMO,200.6433,189.8971,2216.044,0.98,98.0,44.0005,0.0,0.0581,-81.8373
R107,R1,100,25,1104.7,TD-Split,200.7551,162.4224,3300.8178,1.0,100.0,72.1037,40.7477,0.002,-81.8272
R107,R1,100,25,1104.7,GAT-MARL,211.2042,330.2241,3716.9363,1.0,100.0,75.5127,0.0,1126.3256,-80.8813
R108,R1,100,25,960.9,NNH,200.7551,194.3927,2270.9459,1.0,100.0,53.8318,0.0,0.003,-79.1076
R108,R1,100,25,960.9,CWS,247.6582,87.4515,886.8278,1.0,100.0,34.0804,0.0,0.004,-74.2264
R108,R1,100,25,960.9,ALNS,206.8334,91.8779,935.7705,1.0,100.0,82.5248,0.0,3.6957,-78.475
R108,R1,100,25,960.9,AM,200.6433,193.9077,2261.0805,1.0,100.0,54.0331,0.0,0.008,-79.1192
R108,R1,100,25,960.9,POMO,200.6433,193.2534,2253.6186,1.0,100.0,54.0365,0.0,0.0621,-79.1192
R108,R1,100,25,960.9,TD-Split,200.7551,165.4217,3339.1665,1.0,100.0,61.6295,40.7477,0.0019,-79.1076
R108,R1,100,25,960.9,GAT-MARL,198.3732,326.2074,3656.8554,1.0,100.0,65.9414,0.0,264.243,-79.3555
R109,R1,100,25,1194.7,NNH,178.0561,218.7398,2554.2104,1.0,100.0,23.6852,0.0,0.004,-85.0962
R109,R1,100,25,1194.7,CWS,285.6881,87.4515,886.8278,1.0,100.0,27.0516,0.0,0.01,-76.087
R109,R1,100,25,1194.7,ALNS,184.2525,107.1586,1116.6955,1.0,100.0,77.3584,0.0,2.9417,-84.5775
R109,R1,100,25,1194.7,AM,178.0561,211.4201,2468.729,1.0,100.0,27.9218,0.0,0.0074,-85.0962
R109,R1,100,25,1194.7,POMO,178.0561,211.4201,2468.729,1.0,100.0,27.9218,0.0,0.0566,-85.0962
R109,R1,100,25,1194.7,TD-Split,178.0561,176.8747,3471.2193,1.0,100.0,64.9188,40.7477,0.002,-85.0962
R109,R1,100,25,1194.7,GAT-MARL,171.1434,341.0271,3863.8602,1.0,100.0,67.7854,0.0,1904.2269,-85.6748
R110,R1,100,25,1118.8,NNH,171.7011,212.5792,2486.0584,1.0,100.0,29.728,0.0,0.003,-84.6531
R110,R1,100,25,1118.8,CWS,258.3822,87.4515,886.8278,1.0,100.0,31.6618,0.0,0.004,-76.9054
R110,R1,100,25,1118.8,ALNS,195.003,103.298,1064.8175,1.0,100.0,80.8908,0.0,3.2704,-82.5703
R110,R1,100,25,1118.8,AM,171.4912,209.3482,2445.4166,1.0,100.0,30.3092,0.0,0.008,-84.6719
R110,R1,100,25,1118.8,POMO,171.4912,209.3482,2445.4166,1.0,100.0,30.3092,0.0,0.0585,-84.6719
R110,R1,100,25,1118.8,TD-Split,170.7786,166.9684,3356.224,1.0,100.0,61.6973,40.7477,0.0025,-84.7356
R110,R1,100,25,1118.8,GAT-MARL,174.2043,337.7433,3830.3163,1.0,100.0,63.9483,0.0,445.1147,-84.4294
R111,R1,100,25,1096.7,NNH,199.9387,204.9502,2391.3965,1.0,100.0,39.36,0.0,0.004,-81.7691
R111,R1,100,25,1096.7,CWS,285.6881,87.4515,886.8278,1.0,100.0,29.366,0.0,0.01,-73.9502
R111,R1,100,25,1096.7,ALNS,197.7623,102.1182,1043.2773,1.0,100.0,85.5219,0.0,3.0935,-81.9675
R111,R1,100,25,1096.7,AM,199.9387,207.7607,2421.84,1.0,100.0,40.3878,0.0,0.007,-81.7691
R111,R1,100,25,1096.7,POMO,198.7468,202.7636,2364.8576,1.0,100.0,37.416,0.0,0.058,-81.8777
R111,R1,100,25,1096.7,TD-Split,198.7468,165.8805,3343.3965,1.0,100.0,66.5177,40.7477,0.002,-81.8777
R111,R1,100,25,1096.7,GAT-MARL,200.7122,330.8393,3716.3237,1.0,100.0,72.8646,0.0,770.7357,-81.6985
R112,R1,100,25,982.1,NNH,134.2498,198.4331,2316.815,1.0,100.0,21.7651,0.0,0.003,-86.3303
R112,R1,100,25,982.1,CWS,218.3716,87.4515,886.8278,1.0,100.0,27.3585,0.0,0.004,-77.7648
R112,R1,100,25,982.1,ALNS,205.7725,91.7893,940.273,1.0,100.0,80.2283,0.0,3.5442,-79.0477
R112,R1,100,25,982.1,AM,133.9095,201.9203,2354.776,1.0,100.0,20.4852,0.0,0.008,-86.365
R112,R1,100,25,982.1,POMO,134.2498,198.0961,2313.0842,1.0,100.0,22.0342,0.0,0.0608,-86.3303
R112,R1,100,25,982.1,TD-Split,123.2576,165.2258,3338.1527,1.0,100.0,47.6424,40.7477,0.0019,-87.4496
R112,R1,100,25,982.1,GAT-MARL,179.7603,339.551,3788.3719,1.0,100.0,57.3384,0.0,228.6017,-81.6963
R201,R2,100,25,1252.4,NNH,880.4871,195.8001,2363.0715,0.93,93.0,185.8428,0.0,0.004,-29.696
R201,R2,100,25,1252.4,CWS,1430.2557,67.7248,706.4818,1.0,100.0,204.6565,0.0,0.004,14.2012
R201,R2,100,25,1252.4,ALNS,880.2353,96.4499,1088.0446,0.93,93.0,287.4785,0.0,10.0305,-29.7161
R201,R2,100,25,1252.4,AM,880.9764,202.7167,2445.885,0.93,93.0,183.4062,0.0,0.007,-29.6569
R201,R2,100,25,1252.4,POMO,869.8748,192.4174,2321.3934,0.93,93.0,178.4207,0.0,0.054,-30.5434
R201,R2,100,25,1252.4,TD-Split,869.7672,175.1557,3508.0849,0.97,97.0,324.4839,40.7477,0.002,-30.552
R201,R2,100,25,1252.4,GAT-MARL,859.1811,320.08,3832.3927,1.0,100.0,342.529,0.0,2770.6497,-31.3972
R202,R2,100,25,1191.7,NNH,879.9607,206.7005,2491.6483,1.0,100.0,211.4728,0.0,0.006,-26.1592
R202,R2,100,25,1191.7,CWS,1430.2557,67.7248,706.4818,1.0,100.0,204.6565,0.0,0.004,20.0181
R202,R2,100,25,1191.7,ALNS,879.7095,96.7977,1126.6198,1.0,100.0,363.1316,0.0,17.0322,-26.1803
R202,R2,100,25,1191.7,AM,879.9607,187.2855,2262.8487,0.92,92.0,191.504,0.0,0.007,-26.1592
R202,R2,100,25,1191.7,POMO,879.9607,185.0498,2235.2716,0.92,92.0,186.1738,0.0,0.0537,-26.1592
R202,R2,100,25,1191.7,TD-Split,879.9607,158.6117,3308.528,1.0,100.0,318.9346,40.7477,0.0021,-26.1592
R202,R2,100,25,1191.7,GAT-MARL,912.7732,334.6051,4016.7088,1.0,100.0,328.6646,0.0,2312.331,-23.4058
R203,R2,100,25,939.5,NNH,891.2483,197.2104,2380.9761,1.0,100.0,234.5924,0.0,0.0035,-5.1359
R203,R2,100,25,939.5,CWS,1430.2557,67.7248,706.4818,1.0,100.0,204.6565,0.0,0.0031,52.2358
R203,R2,100,25,939.5,ALNS,889.988,82.5034,900.8725,1.0,100.0,288.3357,0.0,18.1638,-5.27
R203,R2,100,25,939.5,AM,890.435,189.4656,2286.6666,1.0,100.0,252.401,0.0,0.0069,-5.2225
R203,R2,100,25,939.5,POMO,891.3315,190.0689,2294.3416,1.0,100.0,226.7757,0.0,0.0586,-5.127
R203,R2,100,25,939.5,TD-Split,880.2676,161.4719,3343.6756,1.0,100.0,324.2667,40.7477,0.002,-6.3047
R203,R2,100,25,939.5,GAT-MARL,880.8498,308.9385,3703.7332,1.0,100.0,326.891,0.0,436.6053,-6.2427
R204,R2,100,25,825.5,NNH,890.3158,190.9035,2305.8673,1.0,100.0,291.4534,0.0,0.003,7.8517
R204,R2,100,25,825.5,CWS,1387.1076,67.7248,706.4818,1.0,100.0,183.0824,0.0,0.004,68.0324
R204,R2,100,25,825.5,ALNS,979.2539,77.59,811.9864,1.0,100.0,256.9322,0.0,21.8877,18.6255
R204,R2,100,25,825.5,AM,890.0443,195.0644,2355.9377,1.0,100.0,293.287,0.0,0.0076,7.8188
R204,R2,100,25,825.5,POMO,890.8506,191.0843,2308.1756,1.0,100.0,279.9515,0.0,0.059,7.9165
R204,R2,100,25,825.5,TD-Split,879.9611,159.2336,3317.1003,1.0,100.0,272.5115,40.7477,0.0021,6.5973
R204,R2,100,25,825.5,GAT-MARL,869.5209,317.9402,3788.1621,1.0,100.0,268.9427,0.0,229.0835,5.3326
R205,R2,100,25,994.4,NNH,771.0561,209.9378,2535.0262,1.0,100.0,201.4091,0.0,0.0029,-22.4602
R205,R2,100,25,994.4,CWS,1348.2557,67.7248,706.4818,1.0,100.0,193.3752,0.0,0.004,35.5848
R205,R2,100,25,994.4,ALNS,810.5439,91.8502,1055.739,1.0,100.0,305.5699,0.0,22.3596,-18.4891
R205,R2,100,25,994.4,AM,771.3317,217.5323,2623.721,1.0,100.0,182.9751,0.0,0.008,-22.4324
R205,R2,100,25,994.4,POMO,771.0561,209.3323,2527.352,1.0,100.0,202.0981,0.0,0.0545,-22.4602
R205,R2,100,25,994.4,TD-Split,771.0561,173.5509,3489.6157,1.0,100.0,299.8594,40.7477,0.002,-22.4602
R205,R2,100,25,994.4,GAT-MARL,761.3716,316.009,3783.996,1.0,100.0,297.6903,0.0,1115.115,-23.4341
R206,R2,100,25,906.1,NNH,782.211,202.5494,2446.2501,1.0,100.0,224.1515,0.0,0.0032,-13.6728
R206,R2,100,25,906.1,CWS,1348.2557,67.7248,706.4818,1.0,100.0,193.8497,0.0,0.003,48.7977
R206,R2,100,25,906.1,ALNS,850.0567,91.0891,987.8941,1.0,100.0,240.4028,0.0,23.7718,-6.1851
R206,R2,100,25,906.1,AM,781.443,194.8981,2353.8024,1.0,100.0,220.2434,0.0,0.007,-13.7575
R206,R2,100,25,906.1,POMO,782.211,194.3276,2346.4665,1.0,100.0,220.5139,0.0,0.0547,-13.6728
R206,R2,100,25,906.1,TD-Split,770.9762,160.1313,3327.7416,1.0,100.0,286.6682,40.7477,0.0016,-14.9127
R206,R2,100,25,906.1,GAT-MARL,782.6607,309.9883,3701.4602,1.0,100.0,281.4469,0.0,456.3746,-13.6231
R207,R2,100,25,890.6,NNH,782.1228,198.0734,2392.537,1.0,100.0,226.505,0.0,0.003,-12.1802
R207,R2,100,25,890.6,CWS,1348.2557,67.7248,706.4818,1.0,100.0,218.1565,0.0,0.004,51.3873
R207,R2,100,25,890.6,ALNS,888.6161,87.8454,921.3273,1.0,100.0,231.9505,0.0,26.2031,-0.2228
R207,R2,100,25,890.6,AM,781.1134,190.1613,2297.022,1.0,100.0,236.0037,0.0,0.008,-12.2936
R207,R2,100,25,890.6,POMO,781.1134,185.053,2234.8311,1.0,100.0,229.1938,0.0,0.057,-12.2936
R207,R2,100,25,890.6,TD-Split,771.2676,160.6267,3334.2121,1.0,100.0,285.9383,40.7477,0.001,-13.3991
R207,R2,100,25,890.6,GAT-MARL,865.6725,319.2215,3814.5406,1.0,100.0,280.8024,0.0,252.0503,-2.799
R208,R2,100,25,726.8,NNH,781.3158,189.4851,2288.7902,1.0,100.0,264.4998,0.0,0.003,7.5008
R208,R2,100,25,726.8,CWS,1314.1076,67.7248,706.4818,1.0,100.0,201.0824,0.0,0.004,80.8073
R208,R2,100,25,726.8,ALNS,861.9756,69.4356,725.0141,1.0,100.0,228.4561,0.0,23.5926,18.5987
R208,R2,100,25,726.8,AM,781.1651,193.3579,2335.7853,1.0,100.0,267.2347,0.0,0.007,7.4801
R208,R2,100,25,726.8,POMO,781.3158,188.8005,2280.4216,1.0,100.0,264.4989,0.0,0.0605,7.5008
R208,R2,100,25,726.8,TD-Split,770.9611,159.2336,3317.1003,1.0,100.0,240.9687,40.7477,0.001,6.0761
R208,R2,100,25,726.8,GAT-MARL,891.3055,329.2447,3924.6561,1.0,100.0,250.5943,0.0,232.8447,22.6342
R209,R2,100,25,909.2,NNH,715.3233,202.7164,2448.8148,1.0,100.0,162.3838,0.0,0.003,-21.3239
R209,R2,100,25,909.2,CWS,1254.0444,67.7248,706.4818,1.0,100.0,157.2696,0.0,0.01,37.9283
R209,R2,100,25,909.2,ALNS,724.7299,74.9399,859.4138,1.0,100.0,272.2308,0.0,20.3037,-20.2893
R209,R2,100,25,909.2,AM,715.6435,200.9257,2427.1489,1.0,100.0,154.3194,0.0,0.007,-21.2887
R209,R2,100,25,909.2,POMO,715.3233,192.4886,2324.7356,1.0,100.0,161.173,0.0,0.0545,-21.3239
R209,R2,100,25,909.2,TD-Split,704.5561,167.549,3417.6472,1.0,100.0,255.4568,40.7477,0.002,-22.5081
R209,R2,100,25,909.2,GAT-MARL,759.7033,317.5437,3802.138,1.0,100.0,263.6691,0.0,362.0843,-16.4427
R210,R2,100,25,939.4,NNH,896.4952,199.9126,2413.7762,1.0,100.0,214.5968,0.0,0.003,-4.5673
R210,R2,100,25,939.4,CWS,1410.1076,67.7248,706.4818,1.0,100.0,192.0824,0.0,0.0041,50.1073
R210,R2,100,25,939.4,ALNS,872.0564,88.4707,991.728,1.0,100.0,315.7414,0.0,18.1016,-7.1688
R210,R2,100,25,939.4,AM,885.3369,199.6198,2410.6142,1.0,100.0,205.3381,0.0,0.0069,-5.7551
R210,R2,100,25,939.4,POMO,896.4952,197.2884,2381.8226,1.0,100.0,217.616,0.0,0.0561,-4.5673
R210,R2,100,25,939.4,TD-Split,885.8437,162.4574,3355.7875,1.0,100.0,294.9119,40.7477,0.001,-5.7011
R210,R2,100,25,939.4,GAT-MARL,864.1811,312.1601,3729.5017,1.0,100.0,294.193,0.0,1055.6647,-8.0071
R211,R2,100,25,892.7,NNH,520.2351,191.855,2316.815,1.0,100.0,132.6476,0.0,0.007,-41.7234
R211,R2,100,25,892.7,CWS,1111.4237,67.7248,706.4818,1.0,100.0,178.4592,0.0,0.004,24.5014
R211,R2,100,25,892.7,ALNS,766.6882,75.2593,822.026,1.0,100.0,218.1726,0.0,22.1196,-14.1158
R211,R2,100,25,892.7,AM,520.3309,194.7914,2351.7432,1.0,100.0,117.9145,0.0,0.0071,-41.7127
R211,R2,100,25,892.7,POMO,520.2351,191.5426,2313.0842,1.0,100.0,132.3397,0.0,0.0617,-41.7234
R211,R2,100,25,892.7,TD-Split,509.8804,160.9392,3338.1527,1.0,100.0,218.9857,40.7477,0.0011,-42.8833
R211,R2,100,25,892.7,GAT-MARL,584.9287,305.1991,3644.4869,1.0,100.0,227.2398,0.0,229.6564,-34.4765
RC101,RC1,100,25,1696.9,NNH,212.7192,229.0727,2669.2282,0.83,83.0,30.6338,0.0,0.0035,-87.4642
RC101,RC1,100,25,1696.9,CWS,265.1717,103.4341,1040.7571,1.0,100.0,17.4037,0.0,0.012,-84.3732
RC101,RC1,100,25,1696.9,ALNS,202.1523,114.5444,1204.5005,0.83,83.0,85.7903,0.0,2.0159,-88.087
RC101,RC1,100,25,1696.9,AM,212.7192,229.0727,2669.2282,0.83,83.0,30.6338,0.0,0.0069,-87.4642
RC101,RC1,100,25,1696.9,POMO,212.7192,229.0727,2669.2282,0.83,83.0,30.6338,0.0,0.0548,-87.4642
RC101,RC1,100,25,1696.9,TD-Split,212.7192,229.0727,2669.2282,0.83,83.0,30.6338,0.0,0.003,-87.4642
RC101,RC1,100,25,1696.9,GAT-MARL,202.0,343.3838,3907.4801,0.93,93.0,77.9843,0.0,2816.4221,-88.0959
RC102,RC1,100,25,1554.8,NNH,212.7192,243.5886,2822.8103,0.9,90.0,32.3639,0.0,0.0041,-86.3185
RC102,RC1,100,25,1554.8,CWS,265.1717,103.4341,1040.7571,1.0,100.0,17.1478,0.0,0.004,-82.945
RC102,RC1,100,25,1554.8,ALNS,203.0465,127.6755,1323.2484,0.9,90.0,87.3523,0.0,2.0894,-86.9407
RC102,RC1,100,25,1554.8,AM,212.7192,249.1994,2885.7836,0.9,90.0,31.709,0.0,0.007,-86.3185
RC102,RC1,100,25,1554.8,POMO,212.7192,243.5886,2822.8103,0.9,90.0,32.3639,0.0,0.0566,-86.3185
RC102,RC1,100,25,1554.8,TD-Split,212.7192,243.5886,2822.8103,0.9,90.0,32.3639,0.0,0.002,-86.3185
RC102,RC1,100,25,1554.8,GAT-MARL,202.1523,428.9178,4828.3912,1.0,100.0,80.6081,0.0,2680.4486,-86.9982
RC103,RC1,100,25,1261.7,NNH,212.7192,263.7348,3041.3957,1.0,100.0,37.8142,0.0,0.003,-83.1403
RC103,RC1,100,25,1261.7,CWS,265.1717,103.4341,1040.7571,1.0,100.0,27.7036,0.0,0.004,-78.983
RC103,RC1,100,25,1261.7,ALNS,213.0788,123.7466,1248.7708,1.0,100.0,88.873,0.0,2.572,-83.1118
RC103,RC1,100,25,1261.7,AM,212.7192,243.6501,2804.1432,0.99,99.0,36.8471,0.0,0.0085,-83.1403
RC103,RC1,100,25,1261.7,POMO,212.7192,241.2205,2778.6364,0.99,99.0,39.1348,0.0,0.0621,-83.1403
RC103,RC1,100,25,1261.7,TD-Split,212.7192,260.0224,2995.7355,1.0,100.0,39.3662,0.0,0.002,-83.1403
RC103,RC1,100,25,1261.7,GAT-MARL,216.3751,447.551,4931.6839,1.0,100.0,78.5135,0.0,1050.916,-82.8505
RC104,RC1,100,25,1135.5,NNH,201.1117,245.6784,2841.8961,1.0,100.0,51.2359,0.0,0.003,-82.2887
RC104,RC1,100,25,1135.5,CWS,225.9204,103.4341,1040.7571,1.0,100.0,29.0056,0.0,0.004,-80.1039
RC104,RC1,100,25,1135.5,ALNS,212.0075,115.9279,1181.8595,1.0,100.0,81.2581,0.0,2.5206,-81.3291
RC104,RC1,100,25,1135.5,AM,201.0649,252.3205,2920.9051,1.0,100.0,51.9971,0.0,0.0079,-82.2928
RC104,RC1,100,25,1135.5,POMO,201.0649,244.0622,2822.2892,1.0,100.0,50.1074,0.0,0.0619,-82.2928
RC104,RC1,100,25,1135.5,TD-Split,201.1117,245.4817,2840.007,1.0,100.0,50.7384,0.0,0.003,-82.2887
RC104,RC1,100,25,1135.5,GAT-MARL,195.8837,439.645,4822.4967,1.0,100.0,67.3113,0.0,248.8851,-82.7491
RC105,RC1,100,25,1629.4,NNH,210.7192,266.6459,3096.9796,0.9,90.0,31.048,0.0,0.004,-87.0677
RC105,RC1,100,25,1629.4,CWS,266.1717,103.4341,1040.7571,1.0,100.0,21.6726,0.0,0.0031,-83.6644
RC105,RC1,100,25,1629.4,ALNS,210.3847,121.2806,1251.9694,0.9,90.0,88.2311,0.0,2.233,-87.0882
RC105,RC1,100,25,1629.4,AM,210.7192,268.5003,3118.6045,0.9,90.0,30.6882,0.0,0.007,-87.0677
RC105,RC1,100,25,1629.4,POMO,210.7192,254.7812,2962.6771,0.88,88.0,31.0122,0.0,0.0562,-87.0677
RC105,RC1,100,25,1629.4,TD-Split,210.7192,266.6459,3096.9796,0.9,90.0,31.048,0.0,0.003,-87.0677
RC105,RC1,100,25,1629.4,GAT-MARL,210.3847,449.1271,5019.2072,1.0,100.0,79.3111,0.0,2999.7554,-87.0882
RC106,RC1,100,25,1424.7,NNH,193.8522,284.2614,3296.3573,1.0,100.0,28.7506,0.0,0.004,-86.3935
RC106,RC1,100,25,1424.7,CWS,250.1717,103.4341,1040.7571,1.0,100.0,16.6314,0.0,0.005,-82.4404
RC106,RC1,100,25,1424.7,ALNS,199.1603,116.6059,1201.0372,1.0,100.0,82.0065,0.0,3.1926,-86.0209
RC106,RC1,100,25,1424.7,AM,193.8522,284.2614,3296.3573,1.0,100.0,28.7506,0.0,0.009,-86.3935
RC106,RC1,100,25,1424.7,POMO,193.8522,283.6271,3289.0075,1.0,100.0,28.7545,0.0,0.0677,-86.3935
RC106,RC1,100,25,1424.7,TD-Split,193.8522,283.6271,3289.0075,1.0,100.0,28.7545,0.0,0.003,-86.3935
RC106,RC1,100,25,1424.7,GAT-MARL,176.9989,439.7932,4962.2273,1.0,100.0,68.3485,0.0,2703.1617,-87.5764
RC107,RC1,100,25,1230.5,NNH,192.8034,259.5222,3005.2959,1.0,100.0,29.5149,0.0,0.0054,-84.3313
RC107,RC1,100,25,1230.5,CWS,224.1717,103.4341,1040.7571,1.0,100.0,24.7915,0.0,0.004,-81.7821
RC107,RC1,100,25,1230.5,ALNS,180.9848,118.5411,1207.1894,1.0,100.0,79.9156,0.0,2.3669,-85.2918
RC107,RC1,100,25,1230.5,AM,192.8034,259.5222,3005.2959,1.0,100.0,29.5149,0.0,0.007,-84.3313
RC107,RC1,100,25,1230.5,POMO,192.8034,259.2108,3002.0753,1.0,100.0,29.514,0.0,0.0596,-84.3313
RC107,RC1,100,25,1230.5,TD-Split,192.8034,259.5222,3005.2959,1.0,100.0,29.5149,0.0,0.002,-84.3313
RC107,RC1,100,25,1230.5,GAT-MARL,179.5437,457.1934,4977.4903,1.0,100.0,67.7701,0.0,348.339,-85.4089
RC108,RC1,100,25,1139.8,NNH,149.9208,255.1944,2954.142,1.0,100.0,21.9647,0.0,0.003,-86.8467
RC108,RC1,100,25,1139.8,CWS,229.1717,103.4341,1040.7571,1.0,100.0,25.389,0.0,0.005,-79.8937
RC108,RC1,100,25,1139.8,ALNS,189.9072,113.7224,1165.3772,1.0,100.0,81.6835,0.0,2.9461,-83.3386
RC108,RC1,100,25,1139.8,AM,149.9866,254.4265,2946.0392,1.0,100.0,21.2323,0.0,0.007,-86.841
RC108,RC1,100,25,1139.8,POMO,149.7664,246.2375,2850.4049,1.0,100.0,22.7781,0.0,0.0601,-86.8603
RC108,RC1,100,25,1139.8,TD-Split,149.9208,254.9997,2952.2529,1.0,100.0,21.9642,0.0,0.0026,-86.8467
RC108,RC1,100,25,1139.8,GAT-MARL,188.0389,474.2512,5204.5251,1.0,100.0,61.8281,0.0,239.6087,-83.5025
RC201,RC2,100,25,1406.9,NNH,854.2771,247.2666,2977.6115,0.9,90.0,180.3384,0.0,0.004,-39.2795
RC201,RC2,100,25,1406.9,CWS,1229.744,69.7737,711.5466,1.0,100.0,85.8129,0.0,0.004,-12.5919
RC201,RC2,100,25,1406.9,ALNS,832.1523,115.9059,1272.6575,0.9,90.0,272.692,0.0,8.5074,-40.8521
RC201,RC2,100,25,1406.9,AM,854.2771,247.2666,2977.6115,0.9,90.0,180.3384,0.0,0.007,-39.2795
RC201,RC2,100,25,1406.9,POMO,854.2771,247.0544,2976.4657,0.89,89.0,177.0613,0.0,0.0515,-39.2795
RC201,RC2,100,25,1406.9,TD-Split,854.2771,247.2666,2977.6115,0.9,90.0,180.3384,0.0,0.004,-39.2795
RC201,RC2,100,25,1406.9,GAT-MARL,832.0,339.4966,4079.6536,0.99,99.0,324.7409,0.0,2715.2495,-40.8629
RC202,RC2,100,25,1365.6,NNH,864.2796,249.5657,3006.4617,0.93,93.0,189.9144,0.0,0.0035,-36.7106
RC202,RC2,100,25,1365.6,CWS,1229.744,69.7737,711.5466,1.0,100.0,85.8129,0.0,0.003,-9.9484
RC202,RC2,100,25,1365.6,ALNS,855.9147,103.3244,1143.7283,0.93,93.0,291.6588,0.0,11.3048,-37.3232
RC202,RC2,100,25,1365.6,AM,864.2796,253.2789,3050.202,0.95,95.0,195.2309,0.0,0.0061,-36.7106
RC202,RC2,100,25,1365.6,POMO,864.2796,241.0504,2904.5161,0.92,92.0,180.9792,0.0,0.0539,-36.7106
RC202,RC2,100,25,1365.6,TD-Split,864.2796,249.5657,3006.4617,0.93,93.0,189.9144,0.0,0.003,-36.7106
RC202,RC2,100,25,1365.6,GAT-MARL,864.3662,411.6022,4922.9398,1.0,100.0,316.499,0.0,2053.6486,-36.7043
RC203,RC2,100,25,1049.6,NNH,864.0401,255.4281,3077.689,1.0,100.0,224.8703,0.0,0.003,-17.6791
RC203,RC2,100,25,1049.6,CWS,1192.8879,69.7737,711.5466,1.0,100.0,67.3848,0.0,0.004,13.6517
RC203,RC2,100,25,1049.6,ALNS,879.2238,87.3386,934.7837,1.0,100.0,262.7232,0.0,17.0102,-16.2325
RC203,RC2,100,25,1049.6,AM,864.0296,256.0359,3085.1588,1.0,100.0,233.3026,0.0,0.0084,-17.6801
RC203,RC2,100,25,1049.6,POMO,864.0401,255.4281,3077.689,1.0,100.0,224.8703,0.0,0.0566,-17.6791
RC203,RC2,100,25,1049.6,TD-Split,863.9513,259.4629,3126.6094,1.0,100.0,237.1179,0.0,0.003,-17.6876
RC203,RC2,100,25,1049.6,GAT-MARL,855.1583,419.5732,4995.2065,1.0,100.0,321.6186,0.0,440.3987,-18.5253
RC204,RC2,100,25,798.5,NNH,852.8466,245.5147,2959.4727,1.0,100.0,272.7416,0.0,0.004,6.8061
RC204,RC2,100,25,798.5,CWS,1058.1183,69.7737,711.5466,1.0,100.0,47.7801,0.0,0.003,32.5132
RC204,RC2,100,25,798.5,ALNS,911.7812,78.5331,830.7169,1.0,100.0,248.1829,0.0,21.3903,14.1868
RC204,RC2,100,25,798.5,AM,852.8125,250.1517,3015.2858,1.0,100.0,272.6885,0.0,0.008,6.8018
RC204,RC2,100,25,798.5,POMO,852.8466,245.3517,2957.5837,1.0,100.0,272.7385,0.0,0.0616,6.8061
RC204,RC2,100,25,798.5,TD-Split,852.8466,245.3517,2957.5837,1.0,100.0,272.7385,0.0,0.002,6.8061
RC204,RC2,100,25,798.5,GAT-MARL,934.0682,421.3886,5010.2283,1.0,100.0,273.0745,0.0,242.2518,16.9779
RC205,RC2,100,25,1297.7,NNH,902.8361,250.3501,3021.5585,0.9,90.0,171.9972,0.0,0.0031,-30.428
RC205,RC2,100,25,1297.7,CWS,1173.8879,69.7737,711.5466,1.0,100.0,39.1128,0.0,0.004,-9.5409
RC205,RC2,100,25,1297.7,ALNS,893.5071,96.5604,1078.9517,0.9,90.0,298.819,0.0,9.2764,-31.1469
RC205,RC2,100,25,1297.7,AM,902.8361,258.3231,3114.2982,0.93,93.0,178.2514,0.0,0.0075,-30.428
RC205,RC2,100,25,1297.7,POMO,902.8361,258.3231,3114.2982,0.93,93.0,178.2514,0.0,0.053,-30.428
RC205,RC2,100,25,1297.7,TD-Split,902.8361,250.3501,3021.5585,0.9,90.0,171.9972,0.0,0.002,-30.428
RC205,RC2,100,25,1297.7,GAT-MARL,890.8569,405.9216,4859.3846,1.0,100.0,327.8145,0.0,3715.5617,-31.3511
RC206,RC2,100,25,1146.3,NNH,745.8289,279.8165,3373.6205,1.0,100.0,175.9469,0.0,0.0081,-34.936
RC206,RC2,100,25,1146.3,CWS,1169.744,69.7737,711.5466,1.0,100.0,90.9223,0.0,0.006,2.0452
RC206,RC2,100,25,1146.3,ALNS,766.3556,110.7131,1233.1467,1.0,100.0,258.5934,0.0,20.7285,-33.1453
RC206,RC2,100,25,1146.3,AM,745.8289,281.5197,3394.4736,1.0,100.0,175.4949,0.0,0.009,-34.936
RC206,RC2,100,25,1146.3,POMO,745.8289,277.4556,3344.3385,1.0,100.0,154.905,0.0,0.0688,-34.936
RC206,RC2,100,25,1146.3,TD-Split,745.8289,282.5172,3406.5597,1.0,100.0,163.5023,0.0,0.003,-34.936
RC206,RC2,100,25,1146.3,GAT-MARL,712.1523,409.5232,4891.8618,1.0,100.0,298.0468,0.0,2095.0495,-37.8738
RC207,RC2,100,25,1061.1,NNH,694.1859,261.3139,3150.2741,1.0,100.0,127.4601,0.0,0.008,-34.5787
RC207,RC2,100,25,1061.1,CWS,1081.744,69.7737,711.5466,1.0,100.0,59.579,0.0,0.007,1.9455
RC207,RC2,100,25,1061.1,ALNS,731.739,92.842,1003.1875,1.0,100.0,224.7178,0.0,21.8253,-31.0396
RC207,RC2,100,25,1061.1,AM,694.1859,261.3139,3150.2741,1.0,100.0,127.4601,0.0,0.0106,-34.5787
RC207,RC2,100,25,1061.1,POMO,694.1859,261.3139,3150.2741,1.0,100.0,127.4601,0.0,0.087,-34.5787
RC207,RC2,100,25,1061.1,TD-Split,694.1859,261.3139,3150.2741,1.0,100.0,127.4601,0.0,0.0029,-34.5787
RC207,RC2,100,25,1061.1,GAT-MARL,661.2408,426.1288,5088.6833,1.0,100.0,250.8736,0.0,677.6359,-37.6835
RC208,RC2,100,25,828.1,NNH,490.9208,245.0669,2954.142,1.0,100.0,79.4917,0.0,0.017,-40.7172
RC208,RC2,100,25,828.1,CWS,921.0981,69.7737,711.5466,1.0,100.0,24.5994,0.0,0.0071,11.2303
RC208,RC2,100,25,828.1,ALNS,754.3849,86.685,898.6626,1.0,100.0,189.6582,0.0,25.3801,-8.9017
RC208,RC2,100,25,828.1,AM,490.7605,247.932,2988.7337,1.0,100.0,92.1566,0.0,0.0101,-40.7366
RC208,RC2,100,25,828.1,POMO,490.9866,244.1569,2943.3512,1.0,100.0,69.5418,0.0,0.0927,-40.7093
RC208,RC2,100,25,828.1,TD-Split,490.9208,244.9039,2952.2529,1.0,100.0,79.4931,0.0,0.003,-40.7172
RC208,RC2,100,25,828.1,GAT-MARL,525.2035,425.4975,5047.5816,1.0,100.0,203.3561,0.0,553.518,-36.5773
